{
    "zeph1rr": [
        -0.812287,
        0.257044,
        0.264866,
        1.054985,
        -0.390999,
        0.306253,
        -1.168332,
        0.267666,
        0.185015,
        -0.617601,
        0.243298,
        -0.313074,
        0.020326,
        -0.353751,
        -0.036537,
        0.415631,
        1.10718,
        -0.736054,
        -0.069589,
        -0.19076,
        0.518117,
        0.931212,
        3.256271,
        -2.357749,
        0.800667,
        0.602356,
        -1.086624,
        0.488064,
        -0.39014,
        1.154889,
        -0.61123,
        -1.521818,
        0.595607,
        0.613647,
        1.275698,
        0.892106,
        1.51039,
        -0.007171,
        -2.001642,
        -0.215839,
        -0.040656,
        1.074437,
        1.554067,
        -0.288331,
        -2.73588,
        0.389494,
        -1.394968,
        -0.76644,
        0.891786,
        -0.232151,
        0.522623,
        1.223546,
        -0.676008,
        -0.337432,
        -0.396611,
        -1.270838,
        -0.301671,
        -0.346121,
        0.202101,
        -0.883868,
        1.317919,
        -0.460125,
        0.400986,
        0.663653,
        -0.385343,
        0.049664,
        -3.362775,
        0.947787,
        -0.821823,
        0.116385,
        -0.839132,
        -0.098077,
        -0.569024,
        -1.141134,
        0.721823,
        2.153586,
        0.228607,
        -0.32541,
        1.120385,
        0.305733,
        -0.343171,
        -0.398586,
        -0.273305,
        -0.58463,
        0.283251,
        -0.62665,
        -1.125038,
        1.638962,
        0.446251,
        -1.025582,
        -0.866044,
        -0.832116,
        -0.800559,
        0.017729,
        -1.164098,
        0.752878,
        0.876517,
        1.7867,
        -0.127879,
        -0.42668,
        0.378776,
        0.641459,
        1.133426,
        -1.60548,
        0.551443,
        -0.272634,
        1.925203,
        -0.184836,
        -0.631327,
        2.302012,
        -0.877002,
        -0.271493,
        1.110987,
        0.2874,
        1.000219,
        -0.995607,
        0.638096,
        -0.479434,
        -0.4159,
        0.428748,
        0.916565,
        0.816787,
        0.219917,
        0.60528,
        -1.867966,
        -0.043326,
        0.494716,
        2.085334
    ],
    "ksu": [
        -0.779322,
        0.477365,
        1.405653,
        -0.982875,
        0.107001,
        -0.026461,
        -0.71636,
        -0.68125,
        0.306863,
        0.228956,
        0.078431,
        -0.532126,
        -0.155548,
        0.357643,
        0.588224,
        0.662544,
        0.174254,
        1.072191,
        1.176557,
        -0.2178,
        -1.504887,
        1.754332,
        2.461335,
        -0.415541,
        -0.838439,
        -0.370951,
        0.279687,
        -0.127948,
        0.206908,
        1.091599,
        -1.108238,
        -0.531419,
        -1.178919,
        -1.251217,
        0.603492,
        0.345105,
        -0.919393,
        1.750443,
        -0.513575,
        0.605207,
        0.996769,
        0.327959,
        0.302047,
        0.94793,
        -1.260327,
        1.406127,
        0.985187,
        -0.652853,
        1.700133,
        0.732487,
        1.263491,
        -0.347266,
        -0.832521,
        -1.332534,
        -0.347905,
        -1.368817,
        0.644591,
        1.155475,
        -0.811365,
        -1.433127,
        1.169715,
        -1.003901,
        0.91279,
        -1.313055,
        -0.47348,
        -0.999962,
        -0.438502,
        -0.167653,
        1.053596,
        2.308469,
        0.424415,
        -0.894124,
        -0.491482,
        -0.382317,
        -0.665908,
        0.824374,
        -0.595511,
        -1.017368,
        -0.230437,
        0.742353,
        1.096809,
        -1.215734,
        0.372562,
        1.223554,
        -0.8308,
        -0.673829,
        -0.324235,
        0.919063,
        0.268371,
        -0.202053,
        -0.434268,
        1.114153,
        -0.740378,
        0.022246,
        -0.733212,
        0.26861,
        -0.482159,
        -1.217816,
        0.587942,
        1.834269,
        -0.931041,
        -1.194684,
        -0.060233,
        -0.969076,
        0.06829,
        -1.162292,
        0.3245,
        -2.636251,
        -1.429601,
        -1.735321,
        -0.89877,
        -0.841524,
        0.541266,
        -0.870894,
        2.68422,
        -1.200969,
        1.422516,
        1.053451,
        -0.45721,
        -0.095809,
        0.983827,
        1.795518,
        -1.603659,
        1.542875,
        -0.555821,
        1.455686,
        -0.258067,
        0.383762
    ]
}